{"cameraMode":{"drawMode":0,"name":"Shaded","section":"Shading Mode"},"sceneLighting":false,"audioPlay":false,"sceneViewState":{"showFog":true,"showMaterialUpdate":false,"showSkybox":false,"showFlares":true,"showImageEffects":true,"showParticleSystems":true},"in2DMode":false,"pivot":{"x":406.1825866699219,"y":1114.5560302734375,"z":-1060.8375244140625},"rotation":{"x":0.18281109631061555,"y":0.35504916310310366,"z":-0.07101146131753922,"w":0.9140446782112122},"size":76.40377044677735,"orthographic":false}