{"cameraMode":{"drawMode":0,"name":"Shaded","section":"Shading Mode"},"sceneLighting":false,"audioPlay":false,"sceneViewState":{"showFog":true,"showMaterialUpdate":false,"showSkybox":false,"showFlares":true,"showImageEffects":true,"showParticleSystems":true},"in2DMode":false,"pivot":{"x":-148.3000030517578,"y":235.39999389648438,"z":-2192.71826171875},"rotation":{"x":-0.1374700963497162,"y":-0.17433613538742066,"z":0.024593409150838853,"w":-0.9747328162193298},"size":95.16168212890625,"orthographic":false}