{"cameraMode":{"drawMode":0,"name":"Shaded","section":"Shading Mode"},"sceneLighting":false,"audioPlay":false,"sceneViewState":{"showFog":true,"showMaterialUpdate":false,"showSkybox":false,"showFlares":true,"showImageEffects":true,"showParticleSystems":true},"in2DMode":false,"pivot":{"x":-70.73645782470703,"y":256.1709289550781,"z":-2405.0},"rotation":{"x":-0.04337777569890022,"y":-0.7619940638542175,"z":0.051272276788949969,"w":-0.6440920829772949},"size":19.740385055541993,"orthographic":false}