{"cameraMode":{"drawMode":0,"name":"Shaded","section":"Shading Mode"},"sceneLighting":false,"audioPlay":false,"sceneViewState":{"showFog":true,"showMaterialUpdate":false,"showSkybox":false,"showFlares":true,"showImageEffects":true,"showParticleSystems":true},"in2DMode":false,"pivot":{"x":-70.73645782470703,"y":256.1709289550781,"z":-2405.0},"rotation":{"x":0.01577519066631794,"y":-0.6936822533607483,"z":0.015202579088509083,"w":0.7199479937553406},"size":45.93380355834961,"orthographic":false}